ID,Lugar de Origen,Coordenadas Origen,Lugar de Destino,Coordenadas Destino,Fecha,Hora de Salida,Distancia (km),Tiempo de Viaje (min),velocidad (kmh)
127,Plaza Mayor de Puno,"-15.8405942,-70.0279834",Municipalidad Provincial de Puno,"-15.840283,-70.028314",2024-08-13,06:01:00,0.07,3.0,1.34
471,Plaza Mayor de Puno,"-15.8405942,-70.0279834",Municipalidad Provincial de Puno,"-15.840283,-70.028314",2024-10-19,20:28:00,0.07,3.0,1.36
2152,Plaza Mayor de Puno,"-15.8405942,-70.0279834",Municipalidad Provincial de Puno,"-15.840283,-70.028314",2024-11-14,05:59:00,0.07,3.0,1.46
2807,Plaza Mayor de Puno,"-15.8405942,-70.0279834",Municipalidad Provincial de Puno,"-15.840283,-70.028314",2024-08-26,15:18:00,0.07,3.0,1.44
3688,Plaza Mayor de Puno,"-15.8405942,-70.0279834",Gobierno Regional de Puno,"-15.8400211,-70.0276698",2024-09-12,01:45:00,0.1,3.0,1.98
3757,Plaza Mayor de Puno,"-15.8405942,-70.0279834",Municipalidad Provincial de Puno,"-15.840283,-70.028314",2024-06-01,05:17:00,0.07,3.0,1.38
4529,Municipalidad Provincial de Puno,"-15.840283,-70.028314",Plaza Mayor de Puno,"-15.8405942,-70.0279834",2024-08-18,13:33:00,0.08,3.0,1.56
4545,Plaza Mayor de Puno,"-15.8405942,-70.0279834",Municipalidad Provincial de Puno,"-15.840283,-70.028314",2024-11-19,23:43:00,0.07,3.0,1.46
4718,Plaza Mayor de Puno,"-15.8405942,-70.0279834",Gobierno Regional de Puno,"-15.8400211,-70.0276698",2024-08-18,15:19:00,0.1,3.0,1.98
5402,Plaza Mayor de Puno,"-15.8405942,-70.0279834",Municipalidad Provincial de Puno,"-15.840283,-70.028314",2024-08-21,03:46:00,0.07,3.0,1.48
5457,Plaza Mayor de Puno,"-15.8405942,-70.0279834",Municipalidad Provincial de Puno,"-15.840283,-70.028314",2024-08-02,03:23:00,0.07,3.0,1.46
5458,Plaza Mayor de Puno,"-15.8405942,-70.0279834",Municipalidad Provincial de Puno,"-15.840283,-70.028314",2024-09-24,06:31:00,0.08,3.0,1.52
5544,Plaza Mayor de Puno,"-15.8405942,-70.0279834",Municipalidad Provincial de Puno,"-15.840283,-70.028314",2024-11-13,12:41:00,0.08,3.0,1.5
6011,Plaza Mayor de Puno,"-15.8405942,-70.0279834",Municipalidad Provincial de Puno,"-15.840283,-70.028314",2024-07-19,15:53:00,0.07,3.0,1.36
6115,Municipalidad Provincial de Puno,"-15.840283,-70.028314",Plaza Mayor de Puno,"-15.8405942,-70.0279834",2024-06-30,03:31:00,0.07,3.0,1.44
7103,Plaza Mayor de Puno,"-15.8405942,-70.0279834",Municipalidad Provincial de Puno,"-15.840283,-70.028314",2024-07-01,13:32:00,0.07,3.0,1.48
8010,Plaza Mayor de Puno,"-15.8405942,-70.0279834",Municipalidad Provincial de Puno,"-15.840283,-70.028314",2024-11-19,21:01:00,0.07,3.0,1.38
8306,Plaza Mayor de Puno,"-15.8405942,-70.0279834",Municipalidad Provincial de Puno,"-15.840283,-70.028314",2024-11-15,22:55:00,0.07,3.0,1.36
8901,Plaza Mayor de Puno,"-15.8405942,-70.0279834",Municipalidad Provincial de Puno,"-15.840283,-70.028314",2024-07-06,00:10:00,0.08,3.0,1.58
8943,Plaza Mayor de Puno,"-15.8405942,-70.0279834",Municipalidad Provincial de Puno,"-15.840283,-70.028314",2024-07-10,02:50:00,0.07,3.0,1.44
8967,Plaza Mayor de Puno,"-15.8405942,-70.0279834",Municipalidad Provincial de Puno,"-15.840283,-70.028314",2024-07-30,13:13:00,0.08,3.0,1.54
9489,Plaza Mayor de Puno,"-15.8405942,-70.0279834",Municipalidad Provincial de Puno,"-15.840283,-70.028314",2024-09-04,12:32:00,0.08,3.0,1.56
9544,Plaza Mayor de Puno,"-15.8405942,-70.0279834",Municipalidad Provincial de Puno,"-15.840283,-70.028314",2024-09-18,01:56:00,0.07,3.0,1.42
10070,Plaza Mayor de Puno,"-15.8405942,-70.0279834",Municipalidad Provincial de Puno,"-15.840283,-70.028314",2024-08-25,04:28:00,0.08,3.0,1.5
10136,Plaza Mayor de Puno,"-15.8405942,-70.0279834",Municipalidad Provincial de Puno,"-15.840283,-70.028314",2024-10-07,15:50:00,0.07,3.0,1.48
10142,Plaza Mayor de Puno,"-15.8405942,-70.0279834",Municipalidad Provincial de Puno,"-15.840283,-70.028314",2024-06-23,10:22:00,0.07,3.0,1.46
10584,Plaza Mayor de Puno,"-15.8405942,-70.0279834",Municipalidad Provincial de Puno,"-15.840283,-70.028314",2024-07-17,23:41:00,0.08,3.0,1.52
10756,Plaza Mayor de Puno,"-15.8405942,-70.0279834",Municipalidad Provincial de Puno,"-15.840283,-70.028314",2024-07-26,01:38:00,0.07,3.0,1.46
10796,Plaza Mayor de Puno,"-15.8405942,-70.0279834",Municipalidad Provincial de Puno,"-15.840283,-70.028314",2024-11-08,13:55:00,0.08,3.0,1.54
11231,Municipalidad Provincial de Puno,"-15.840283,-70.028314",Plaza Mayor de Puno,"-15.8405942,-70.0279834",2024-10-14,01:50:00,0.08,3.0,1.54
12181,Plaza Mayor de Puno,"-15.8405942,-70.0279834",Municipalidad Provincial de Puno,"-15.840283,-70.028314",2024-10-14,23:25:00,0.08,3.0,1.52
12193,Municipalidad Provincial de Puno,"-15.840283,-70.028314",Plaza Mayor de Puno,"-15.8405942,-70.0279834",2024-09-02,14:15:00,0.08,3.0,1.58
12334,Plaza Mayor de Puno,"-15.8405942,-70.0279834",Gobierno Regional de Puno,"-15.8400211,-70.0276698",2024-09-07,14:54:00,0.1,3.0,1.96
12859,Plaza Mayor de Puno,"-15.8405942,-70.0279834",Municipalidad Provincial de Puno,"-15.840283,-70.028314",2024-11-22,10:54:00,0.07,3.0,1.46
13587,Plaza Mayor de Puno,"-15.8405942,-70.0279834",Municipalidad Provincial de Puno,"-15.840283,-70.028314",2024-11-14,04:13:00,0.07,3.0,1.46
16090,Plaza Mayor de Puno,"-15.8405942,-70.0279834",Gobierno Regional de Puno,"-15.8400211,-70.0276698",2024-10-21,03:54:00,0.1,3.0,1.98
16864,Plaza Mayor de Puno,"-15.8405942,-70.0279834",Municipalidad Provincial de Puno,"-15.840283,-70.028314",2024-08-05,10:56:00,0.08,3.0,1.56
17419,Plaza Mayor de Puno,"-15.8405942,-70.0279834",Municipalidad Provincial de Puno,"-15.840283,-70.028314",2024-10-17,23:07:00,0.07,3.0,1.42
17755,Municipalidad Provincial de Puno,"-15.840283,-70.028314",Plaza Mayor de Puno,"-15.8405942,-70.0279834",2024-06-09,10:54:00,0.08,3.0,1.54
17906,Plaza Mayor de Puno,"-15.8405942,-70.0279834",Municipalidad Provincial de Puno,"-15.840283,-70.028314",2024-10-12,00:41:00,0.07,3.0,1.34
18193,Plaza Mayor de Puno,"-15.8405942,-70.0279834",Municipalidad Provincial de Puno,"-15.840283,-70.028314",2024-08-21,23:38:00,0.07,3.0,1.48
18197,Plaza Mayor de Puno,"-15.8405942,-70.0279834",Municipalidad Provincial de Puno,"-15.840283,-70.028314",2024-07-16,13:03:00,0.08,3.0,1.58
18445,Plaza Mayor de Puno,"-15.8405942,-70.0279834",Municipalidad Provincial de Puno,"-15.840283,-70.028314",2024-10-26,10:35:00,0.08,3.0,1.54
18799,Plaza Mayor de Puno,"-15.8405942,-70.0279834",Municipalidad Provincial de Puno,"-15.840283,-70.028314",2024-10-03,20:03:00,0.07,3.0,1.48
19646,Plaza Mayor de Puno,"-15.8405942,-70.0279834",Municipalidad Provincial de Puno,"-15.840283,-70.028314",2024-11-09,02:44:00,0.08,3.0,1.58
20740,Plaza Mayor de Puno,"-15.8405942,-70.0279834",Municipalidad Provincial de Puno,"-15.840283,-70.028314",2024-10-06,02:17:00,0.08,3.0,1.56
20821,Plaza Mayor de Puno,"-15.8405942,-70.0279834",Municipalidad Provincial de Puno,"-15.840283,-70.028314",2024-10-14,05:14:00,0.07,3.0,1.4
21966,Plaza Mayor de Puno,"-15.8405942,-70.0279834",Municipalidad Provincial de Puno,"-15.840283,-70.028314",2024-11-20,16:13:00,0.08,3.0,1.5
22184,Plaza Mayor de Puno,"-15.8405942,-70.0279834",Municipalidad Provincial de Puno,"-15.840283,-70.028314",2024-11-18,23:59:00,0.07,3.0,1.48
22471,Plaza Mayor de Puno,"-15.8405942,-70.0279834",Municipalidad Provincial de Puno,"-15.840283,-70.028314",2024-07-22,14:13:00,0.08,3.0,1.56
23189,Plaza Mayor de Puno,"-15.8405942,-70.0279834",Municipalidad Provincial de Puno,"-15.840283,-70.028314",2024-06-01,23:33:00,0.08,3.0,1.5
23394,Plaza Mayor de Puno,"-15.8405942,-70.0279834",Municipalidad Provincial de Puno,"-15.840283,-70.028314",2024-06-19,05:02:00,0.07,3.0,1.42
23543,Plaza Mayor de Puno,"-15.8405942,-70.0279834",Municipalidad Provincial de Puno,"-15.840283,-70.028314",2024-11-10,00:27:00,0.07,3.0,1.42
23639,Plaza Mayor de Puno,"-15.8405942,-70.0279834",Municipalidad Provincial de Puno,"-15.840283,-70.028314",2024-06-02,06:35:00,0.07,3.0,1.42
24423,Plaza Mayor de Puno,"-15.8405942,-70.0279834",Municipalidad Provincial de Puno,"-15.840283,-70.028314",2024-09-11,00:06:00,0.07,3.0,1.46
24441,Plaza Mayor de Puno,"-15.8405942,-70.0279834",Municipalidad Provincial de Puno,"-15.840283,-70.028314",2024-11-05,10:02:00,0.07,3.0,1.38
155,Mirador Puma Uta Puno,"-15.8202693,-70.0287285",Colegio Don Bosco Puno,"-15.883085,-70.001176",2024-07-07,20:02:00,11.58,22.0,31.57
225,Urbanización Alto Puno,"-15.814292,-70.031918",Colegio Don Bosco Puno,"-15.883085,-70.001176",2024-11-24,17:08:00,11.97,21.91,32.78
257,Jayllihuaya Puno,"-15.8787471,-69.9751057",Plaza Vea Puno,"-15.83636,-70.025604",2024-07-23,23:17:00,10.86,22.0,29.61
297,Mercado Bellavista Puno,"-15.8335335,-70.0233376",Jayllihuaya Puno,"-15.8787471,-69.9751057",2024-07-08,12:41:00,10.87,21.12,30.87
305,Avenida La Torre Puno,"-15.8336052,-70.0276202",Jayllihuaya Puno,"-15.8787471,-69.9751057",2024-10-25,20:26:00,10.66,21.47,29.78
439,Plaza Vea Puno,"-15.83636,-70.025604",Jayllihuaya Puno,"-15.8787471,-69.9751057",2024-07-12,17:44:00,10.65,21.5,29.73
507,Jayllihuaya Puno,"-15.8787471,-69.9751057",Plaza Vea Puno,"-15.83636,-70.025604",2024-07-18,15:17:00,11.39,22.0,31.07
597,Urbanización Alto Puno,"-15.814292,-70.031918",Colegio Don Bosco Puno,"-15.883085,-70.001176",2024-11-06,09:04:00,12.34,21.01,35.25
771,Jayllihuaya Puno,"-15.8787471,-69.9751057",Avenida La Torre Puno,"-15.8336052,-70.0276202",2024-09-07,11:44:00,11.59,20.54,33.84
874,Mirador Puma Uta Puno,"-15.8202693,-70.0287285",Jayllihuaya Puno,"-15.8787471,-69.9751057",2024-09-07,04:44:00,13.38,21.63,37.12
915,Instituto de Educación Superior Tecnológico Público Puno,"-15.882774,-69.999663",Mirador Puma Uta Puno,"-15.8202693,-70.0287285",2024-07-26,12:09:00,11.66,22.0,31.81
951,Jayllihuaya Puno,"-15.8787471,-69.9751057",Avenida La Torre Puno,"-15.8336052,-70.0276202",2024-06-15,07:37:00,11.93,19.39,36.91
1061,Urbanización Huajsapata Puno,"-15.842445,-70.032551",Jayllihuaya Puno,"-15.8787471,-69.9751057",2024-08-22,22:11:00,11.31,21.43,31.66
1156,Instituto de Educación Superior Tecnológico Público Puno,"-15.882774,-69.999663",Urbanización Alto Puno,"-15.814292,-70.031918",2024-07-01,06:58:00,12.57,22.95,32.85
1212,Mirador Puma Uta Puno,"-15.8202693,-70.0287285",Instituto de Educación Superior Tecnológico Público Puno,"-15.882774,-69.999663",2024-06-27,07:26:00,12.11,20.06,36.22
1334,Avenida La Torre Puno,"-15.8336052,-70.0276202",Jayllihuaya Puno,"-15.8787471,-69.9751057",2024-07-14,18:28:00,11.11,21.34,31.24
1363,Urbanización Alto Puno,"-15.814292,-70.031918",Instituto de Educación Superior Tecnológico Público Puno,"-15.882774,-69.999663",2024-10-29,02:44:00,11.52,22.0,31.43
1485,Urbanización Bellavista Puno,"-15.832755,-70.022242",Jayllihuaya Puno,"-15.8787471,-69.9751057",2024-11-11,18:27:00,11.25,22.0,30.69
1495,Complejo Deportivo Alto Llavini Puno,"-15.81855,-70.025004",Instituto de Educación Superior Tecnológico Público Puno,"-15.882774,-69.999663",2024-08-17,08:21:00,10.9,21.47,30.45
1502,Municipalidad Provincial de Puno,"-15.840283,-70.028314",Jayllihuaya Puno,"-15.8787471,-69.9751057",2024-07-25,05:23:00,10.72,22.0,29.23
1541,Salcedo Puno,"-15.8687992,-69.9986595",Cementerio Yanamayo Puno,"-15.8096272,-70.0300562",2024-09-27,21:41:00,11.49,18.75,36.76
1558,Urbanización Alto Puno,"-15.814292,-70.031918",Senati Puno,"-15.8699536,-69.9988485",2024-07-16,14:38:00,10.72,21.46,29.97
1643,Urbanización Alto Puno,"-15.814292,-70.031918",Instituto de Educación Superior Tecnológico Público Puno,"-15.882774,-69.999663",2024-07-14,13:09:00,12.31,21.89,33.75
1677,Urbanización Alto Puno,"-15.814292,-70.031918",Jayllihuaya Puno,"-15.8787471,-69.9751057",2024-06-09,06:25:00,12.72,22.16,34.44
1730,Mirador Puma Uta Puno,"-15.8202693,-70.0287285",Colegio Don Bosco Puno,"-15.883085,-70.001176",2024-11-17,14:43:00,11.26,21.27,31.75
2071,Jayllihuaya Puno,"-15.8787471,-69.9751057",Instituto Americano de Arte Puno,"-15.836384,-70.027622",2024-07-12,08:33:00,11.41,19.73,34.69
2103,Jayllihuaya Puno,"-15.8787471,-69.9751057",Colegio Adventista Puno,"-15.8366071,-70.0291852",2024-07-27,02:34:00,11.45,19.62,35.02
2105,Salcedo Puno,"-15.8687992,-69.9986595",Cementerio Yanamayo Puno,"-15.8096272,-70.0300562",2024-10-26,19:23:00,11.66,20.32,34.44
2122,Instituto de Educación Superior Tecnológico Público Puno,"-15.882774,-69.999663",Cementerio Yanamayo Puno,"-15.8096272,-70.0300562",2024-07-27,10:18:00,12.86,23.3,33.12
2231,Hospital III EsSalud Puno,"-15.8734615,-70.0004113",Cementerio Yanamayo Puno,"-15.8096272,-70.0300562",2024-10-17,09:01:00,11.23,21.71,31.04
2237,Urbanización Alto Puno,"-15.814292,-70.031918",Senati Puno,"-15.8699536,-69.9988485",2024-09-02,13:24:00,10.91,21.84,29.97
2363,Urbanización Alto Puno,"-15.814292,-70.031918",Urbanización Salcedo Puno,"-15.8724851,-69.9928585",2024-11-18,22:45:00,11.64,22.0,31.74
2394,Mirador Puma Uta Puno,"-15.8202693,-70.0287285",Colegio Don Bosco Puno,"-15.883085,-70.001176",2024-07-15,03:54:00,11.87,21.36,33.33
2407,Cementerio Yanamayo Puno,"-15.8096272,-70.0300562",Instituto de Educación Superior Tecnológico Público Puno,"-15.882774,-69.999663",2024-09-07,16:08:00,13.55,25.18,32.29
2427,Jayllihuaya Puno,"-15.8787471,-69.9751057",Avenida La Torre Puno,"-15.8336052,-70.0276202",2024-06-29,15:56:00,11.36,19.5,34.94
2488,Urbanización Huajsapata Puno,"-15.842445,-70.032551",Jayllihuaya Puno,"-15.8787471,-69.9751057",2024-08-05,10:06:00,11.48,21.57,31.93
2641,Urbanización Alto Puno,"-15.814292,-70.031918",Colegio Don Bosco Puno,"-15.883085,-70.001176",2024-09-27,16:14:00,12.77,22.98,33.35
2663,Jayllihuaya Puno,"-15.8787471,-69.9751057",Institución Educativa San Juan Bautista Puno,"-15.840051,-70.0298054",2024-09-05,13:43:00,11.28,21.84,30.98
2666,Salcedo Puno,"-15.8687992,-69.9986595",Cementerio Yanamayo Puno,"-15.8096272,-70.0300562",2024-08-28,20:03:00,10.76,21.84,29.57
2695,Plaza Vea Puno,"-15.83636,-70.025604",Jayllihuaya Puno,"-15.8787471,-69.9751057",2024-06-17,22:20:00,11.4,19.23,35.58
2778,Urbanización Salcedo Puno,"-15.8724851,-69.9928585",Cementerio Yanamayo Puno,"-15.8096272,-70.0300562",2024-10-21,01:04:00,12.46,22.69,32.94
2823,Jayllihuaya Puno,"-15.8787471,-69.9751057",Municipalidad Provincial de Puno,"-15.840283,-70.028314",2024-06-14,13:44:00,11.05,21.54,30.77
3157,Jayllihuaya Puno,"-15.8787471,-69.9751057",Urbanización Alto Puno,"-15.814292,-70.031918",2024-08-26,08:27:00,14.83,22.94,38.79
3186,Urbanización Alto Puno,"-15.814292,-70.031918",Instituto de Educación Superior Tecnológico Público Puno,"-15.882774,-69.999663",2024-10-31,23:56:00,11.54,19.18,36.1
3226,Jayllihuaya Puno,"-15.8787471,-69.9751057",Urbanización Alto Puno,"-15.814292,-70.031918",2024-10-11,02:38:00,14.94,25.66,34.95
3233,Mercado Bellavista Puno,"-15.8335335,-70.0233376",Jayllihuaya Puno,"-15.8787471,-69.9751057",2024-07-31,14:08:00,11.48,19.15,35.97
3435,Gobierno Regional de Puno,"-15.8400211,-70.0276698",Jayllihuaya Puno,"-15.8787471,-69.9751057",2024-11-04,20:34:00,10.71,21.11,30.43
3469,Mirador Puma Uta Puno,"-15.8202693,-70.0287285",Colegio Don Bosco Puno,"-15.883085,-70.001176",2024-08-05,05:45:00,10.66,21.43,29.85
3478,Jayllihuaya Puno,"-15.8787471,-69.9751057",Plaza Mayor de Puno,"-15.8405942,-70.0279834",2024-10-08,03:09:00,10.74,22.0,29.29
3488,Jayllihuaya Puno,"-15.8787471,-69.9751057",Mirador Puma Uta Puno,"-15.8202693,-70.0287285",2024-09-16,03:30:00,13.5,25.28,32.05
3545,Jayllihuaya Puno,"-15.8787471,-69.9751057",Colegio Adventista Puno,"-15.8366071,-70.0291852",2024-11-29,09:14:00,10.98,21.2,31.07
3606,Urbanización Alto Puno,"-15.814292,-70.031918",Urbanización Salcedo Puno,"-15.8724851,-69.9928585",2024-07-03,16:59:00,11.42,20.68,33.15
3647,Urbanización Alto Puno,"-15.814292,-70.031918",Jayllihuaya Puno,"-15.8787471,-69.9751057",2024-09-22,05:03:00,14.42,23.97,36.08
3653,Urbanización Salcedo Puno,"-15.8724851,-69.9928585",Cementerio Yanamayo Puno,"-15.8096272,-70.0300562",2024-06-08,10:10:00,11.8,20.05,35.3
3686,Jayllihuaya Puno,"-15.8787471,-69.9751057",Parque San Román Puno,"-15.841093,-70.029431",2024-06-09,21:11:00,11.29,20.77,32.6
3700,Urbanización Alto Puno,"-15.814292,-70.031918",Instituto de Educación Superior Tecnológico Público Puno,"-15.882774,-69.999663",2024-07-03,18:35:00,12.07,20.0,36.22
3763,Instituto de Educación Superior Tecnológico Público Puno,"-15.882774,-69.999663",Urbanización Alto Puno,"-15.814292,-70.031918",2024-06-09,21:43:00,12.11,20.0,36.32
3876,Jayllihuaya Puno,"-15.8787471,-69.9751057",Mirador Puma Uta Puno,"-15.8202693,-70.0287285",2024-08-01,18:54:00,13.05,21.12,37.08
3913,Urbanización Alto Puno,"-15.814292,-70.031918",Instituto de Educación Superior Tecnológico Público Puno,"-15.882774,-69.999663",2024-07-29,04:54:00,12.13,20.39,35.69
3948,Avenida Floral Puno,"-15.8268687,-70.0141471",Jayllihuaya Puno,"-15.8787471,-69.9751057",2024-07-28,00:44:00,11.36,18.92,36.02
3952,Avenida Floral Puno,"-15.8268687,-70.0141471",Colegio Don Bosco Puno,"-15.883085,-70.001176",2024-10-15,05:18:00,10.17,21.08,28.95
3960,Instituto de Educación Superior Tecnológico Público Puno,"-15.882774,-69.999663",Complejo Deportivo Alto Llavini Puno,"-15.81855,-70.025004",2024-07-08,06:04:00,11.54,19.97,34.68
4023,Instituto de Educación Superior Tecnológico Público Puno,"-15.882774,-69.999663",Complejo Deportivo Alto Llavini Puno,"-15.81855,-70.025004",2024-06-30,18:24:00,11.42,22.0,31.14
4256,Urbanización Alto Puno,"-15.814292,-70.031918",Instituto de Educación Superior Tecnológico Público Puno,"-15.882774,-69.999663",2024-07-25,01:24:00,12.53,20.04,37.52
4314,Mercado Bellavista Puno,"-15.8335335,-70.0233376",Jayllihuaya Puno,"-15.8787471,-69.9751057",2024-11-25,17:28:00,11.47,21.01,32.74
4323,Urbanización Alto Puno,"-15.814292,-70.031918",Salcedo Puno,"-15.8687992,-69.9986595",2024-06-08,04:46:00,10.9,21.46,30.48
4391,Cementerio Yanamayo Puno,"-15.8096272,-70.0300562",Colegio Don Bosco Puno,"-15.883085,-70.001176",2024-08-27,00:53:00,13.33,21.45,37.3
4402,Urbanización Salcedo Puno,"-15.8724851,-69.9928585",Cementerio Yanamayo Puno,"-15.8096272,-70.0300562",2024-10-14,00:09:00,11.43,19.07,35.97
4482,Jr. Lima Puno,"-15.838756,-70.02816",Jayllihuaya Puno,"-15.8787471,-69.9751057",2024-09-08,16:32:00,11.2,22.0,30.55
4507,Mirador Puma Uta Puno,"-15.8202693,-70.0287285",Instituto de Educación Superior Tecnológico Público Puno,"-15.882774,-69.999663",2024-07-05,18:00:00,11.16,22.0,30.44
4518,Instituto de Educación Superior Tecnológico Público Puno,"-15.882774,-69.999663",Urbanización Alto Puno,"-15.814292,-70.031918",2024-06-20,23:47:00,13.32,23.69,33.75
4558,Hotel Sonesta Posadas del Inca Puno,"-15.8241171,-70.0050901",Jayllihuaya Puno,"-15.8787471,-69.9751057",2024-11-28,06:57:00,10.26,21.58,28.53
4652,Jayllihuaya Puno,"-15.8787471,-69.9751057",Colegio Adventista Puno,"-15.8366071,-70.0291852",2024-09-03,12:39:00,11.46,21.83,31.51
4665,Parque Pino Puno,"-15.8378073,-70.0280672",Jayllihuaya Puno,"-15.8787471,-69.9751057",2024-07-07,15:08:00,11.54,22.0,31.48
4674,Jayllihuaya Puno,"-15.8787471,-69.9751057",Urbanización Alto Puno,"-15.814292,-70.031918",2024-07-13,00:03:00,12.88,22.8,33.9
4844,Cementerio Yanamayo Puno,"-15.8096272,-70.0300562",Colegio Don Bosco Puno,"-15.883085,-70.001176",2024-08-05,00:10:00,13.32,22.07,36.2
4870,Complejo Deportivo Alto Llavini Puno,"-15.81855,-70.025004",Colegio Don Bosco Puno,"-15.883085,-70.001176",2024-10-28,05:38:00,11.25,22.0,30.69
5086,Urbanización Alto Puno,"-15.814292,-70.031918",Colegio Don Bosco Puno,"-15.883085,-70.001176",2024-06-09,19:37:00,13.21,21.09,37.59
5142,Jayllihuaya Puno,"-15.8787471,-69.9751057",Urbanización Alto Puno,"-15.814292,-70.031918",2024-06-14,16:44:00,14.15,24.24,35.02
5236,Jayllihuaya Puno,"-15.8787471,-69.9751057",Mirador Puma Uta Puno,"-15.8202693,-70.0287285",2024-06-17,11:08:00,12.76,21.39,35.8
5247,Parque San Román Puno,"-15.841093,-70.029431",Jayllihuaya Puno,"-15.8787471,-69.9751057",2024-07-03,05:24:00,11.01,22.0,30.02
5277,Cementerio Yanamayo Puno,"-15.8096272,-70.0300562",Instituto de Educación Superior Tecnológico Público Puno,"-15.882774,-69.999663",2024-08-23,14:25:00,13.21,23.24,34.12
5465,Colegio Glorioso San Carlos Puno,"-15.8348219,-70.0245958",Jayllihuaya Puno,"-15.8787471,-69.9751057",2024-11-09,11:38:00,10.53,21.13,29.91
5669,Avenida Floral Puno,"-15.8268687,-70.0141471",Jayllihuaya Puno,"-15.8787471,-69.9751057",2024-11-01,02:41:00,10.82,21.13,30.71
5703,Jayllihuaya Puno,"-15.8787471,-69.9751057",Urbanización Bellavista Puno,"-15.832755,-70.022242",2024-10-26,01:14:00,11.39,22.0,31.07
5767,Cementerio Yanamayo Puno,"-15.8096272,-70.0300562",Instituto de Educación Superior Tecnológico Público Puno,"-15.882774,-69.999663",2024-09-05,21:24:00,12.2,20.36,35.94
5776,Mirador Puma Uta Puno,"-15.8202693,-70.0287285",Instituto de Educación Superior Tecnológico Público Puno,"-15.882774,-69.999663",2024-07-09,18:45:00,11.33,18.51,36.72
5807,Plaza Vea Puno,"-15.83636,-70.025604",Jayllihuaya Puno,"-15.8787471,-69.9751057",2024-09-16,16:48:00,11.35,21.89,31.11
5815,Jayllihuaya Puno,"-15.8787471,-69.9751057",Parque San Román Puno,"-15.841093,-70.029431",2024-08-03,03:31:00,11.43,19.23,35.66
5907,Urbanización Alto Puno,"-15.814292,-70.031918",Instituto de Educación Superior Tecnológico Público Puno,"-15.882774,-69.999663",2024-06-17,17:28:00,11.63,22.0,31.72
5912,Instituto de Educación Superior Tecnológico Público Puno,"-15.882774,-69.999663",Cementerio Yanamayo Puno,"-15.8096272,-70.0300562",2024-10-11,07:50:00,11.99,20.27,35.49
5981,Hospital III EsSalud Puno,"-15.8734615,-70.0004113",Cementerio Yanamayo Puno,"-15.8096272,-70.0300562",2024-07-20,10:59:00,11.46,18.6,36.97
5985,Instituto de Educación Superior Tecnológico Público Puno,"-15.882774,-69.999663",Complejo Deportivo Alto Llavini Puno,"-15.81855,-70.025004",2024-10-21,15:21:00,11.71,22.0,31.94
6000,Jayllihuaya Puno,"-15.8787471,-69.9751057",Urbanización Alto Puno,"-15.814292,-70.031918",2024-08-10,21:37:00,14.5,23.44,37.11
6026,Salcedo Puno,"-15.8687992,-69.9986595",Cementerio Yanamayo Puno,"-15.8096272,-70.0300562",2024-06-20,14:27:00,11.67,19.57,35.77
6214,Jayllihuaya Puno,"-15.8787471,-69.9751057",Colegio Adventista Puno,"-15.8366071,-70.0291852",2024-09-13,05:07:00,11.47,20.41,33.72
6223,Complejo Deportivo Alto Llavini Puno,"-15.81855,-70.025004",Urbanización Salcedo Puno,"-15.8724851,-69.9928585",2024-11-12,18:11:00,10.43,21.12,29.62
6278,Urbanización Alto Puno,"-15.814292,-70.031918",Urbanización Salcedo Puno,"-15.8724851,-69.9928585",2024-11-08,16:34:00,11.78,19.56,36.13
6445,Mirador Puma Uta Puno,"-15.8202693,-70.0287285",Jayllihuaya Puno,"-15.8787471,-69.9751057",2024-11-20,20:33:00,13.64,26.26,31.16
6476,Jayllihuaya Puno,"-15.8787471,-69.9751057",Urbanización Alto Puno,"-15.814292,-70.031918",2024-07-08,10:46:00,13.9,23.99,34.76
6864,Cementerio Yanamayo Puno,"-15.8096272,-70.0300562",Instituto de Educación Superior Tecnológico Público Puno,"-15.882774,-69.999663",2024-08-17,22:32:00,12.43,22.39,33.31
6884,Mirador Puma Uta Puno,"-15.8202693,-70.0287285",Colegio Don Bosco Puno,"-15.883085,-70.001176",2024-06-12,13:30:00,10.58,21.32,29.79
6983,Cementerio Yanamayo Puno,"-15.8096272,-70.0300562",Urbanización Salcedo Puno,"-15.8724851,-69.9928585",2024-06-05,06:18:00,12.36,21.87,33.91
7008,Urbanización Alto Puno,"-15.814292,-70.031918",Jayllihuaya Puno,"-15.8787471,-69.9751057",2024-07-20,23:56:00,14.05,26.98,31.25
7026,Estadio Enrique Torres Belón,"-15.8370214,-70.0219969",Jayllihuaya Puno,"-15.8787471,-69.9751057",2024-06-24,12:59:00,10.82,21.17,30.66
7031,Urbanización Alto Puno,"-15.814292,-70.031918",Instituto de Educación Superior Tecnológico Público Puno,"-15.882774,-69.999663",2024-11-14,11:57:00,12.83,24.6,31.29
7105,Mercado Bellavista Puno,"-15.8335335,-70.0233376",Jayllihuaya Puno,"-15.8787471,-69.9751057",2024-11-09,08:51:00,11.48,22.0,31.3
7236,Jayllihuaya Puno,"-15.8787471,-69.9751057",Colegio Glorioso San Carlos Puno,"-15.8348219,-70.0245958",2024-10-09,09:11:00,11.27,21.92,30.85
7341,Urbanización Alto Puno,"-15.814292,-70.031918",Instituto de Educación Superior Tecnológico Público Puno,"-15.882774,-69.999663",2024-11-09,23:13:00,12.75,25.38,30.15
7376,Cementerio Yanamayo Puno,"-15.8096272,-70.0300562",Salcedo Puno,"-15.8687992,-69.9986595",2024-07-30,19:23:00,11.6,20.72,33.6
7456,Urbanización Alto Puno,"-15.814292,-70.031918",Instituto de Educación Superior Tecnológico Público Puno,"-15.882774,-69.999663",2024-07-29,06:01:00,13.01,21.86,35.7
7465,Colegio Adventista Puno,"-15.8366071,-70.0291852",Jayllihuaya Puno,"-15.8787471,-69.9751057",2024-06-15,11:00:00,11.68,22.0,31.85
7505,Urbanización Huajsapata Puno,"-15.842445,-70.032551",Jayllihuaya Puno,"-15.8787471,-69.9751057",2024-06-11,17:19:00,11.37,22.0,31.02
7743,Complejo Deportivo Alto Llavini Puno,"-15.81855,-70.025004",Instituto de Educación Superior Tecnológico Público Puno,"-15.882774,-69.999663",2024-07-31,09:58:00,11.6,20.12,34.6
7818,Urbanización Alto Puno,"-15.814292,-70.031918",Jayllihuaya Puno,"-15.8787471,-69.9751057",2024-10-17,01:58:00,14.05,22.93,36.76
7832,Urbanización Alto Puno,"-15.814292,-70.031918",Jayllihuaya Puno,"-15.8787471,-69.9751057",2024-08-29,22:26:00,13.58,20.88,39.03
7836,Institución Educativa San Juan Bautista Puno,"-15.840051,-70.0298054",Jayllihuaya Puno,"-15.8787471,-69.9751057",2024-11-12,15:19:00,11.58,19.38,35.85
7884,Hospital III EsSalud Puno,"-15.8734615,-70.0004113",Cementerio Yanamayo Puno,"-15.8096272,-70.0300562",2024-07-04,14:53:00,11.78,20.43,34.6
8133,Mercado Bellavista Puno,"-15.8335335,-70.0233376",Jayllihuaya Puno,"-15.8787471,-69.9751057",2024-09-08,05:38:00,11.5,21.86,31.55
8265,Salcedo Puno,"-15.8687992,-69.9986595",Cementerio Yanamayo Puno,"-15.8096272,-70.0300562",2024-07-07,22:23:00,11.68,22.0,31.85
8294,Cementerio Yanamayo Puno,"-15.8096272,-70.0300562",Urbanización Salcedo Puno,"-15.8724851,-69.9928585",2024-06-30,01:25:00,11.97,21.79,32.95
8380,Urbanización Bellavista Puno,"-15.832755,-70.022242",Jayllihuaya Puno,"-15.8787471,-69.9751057",2024-07-12,00:36:00,11.49,21.41,32.19
8514,Jayllihuaya Puno,"-15.8787471,-69.9751057",Urbanización Alto Puno,"-15.814292,-70.031918",2024-11-21,10:04:00,14.86,23.36,38.16
8517,Cementerio Yanamayo Puno,"-15.8096272,-70.0300562",Instituto de Educación Superior Tecnológico Público Puno,"-15.882774,-69.999663",2024-11-21,15:22:00,12.33,21.48,34.44
8526,Urbanización Alto Puno,"-15.814292,-70.031918",Jayllihuaya Puno,"-15.8787471,-69.9751057",2024-11-15,20:02:00,13.26,21.1,37.71
8687,Colegio Adventista Puno,"-15.8366071,-70.0291852",Jayllihuaya Puno,"-15.8787471,-69.9751057",2024-07-10,09:42:00,11.85,22.0,32.32
8957,Instituto de Educación Superior Tecnológico Público Puno,"-15.882774,-69.999663",Universidad Nacional del Altiplano,"-15.8242768,-70.0161264",2024-10-16,06:51:00,10.59,22.0,28.89
9058,Mirador Puma Uta Puno,"-15.8202693,-70.0287285",Instituto de Educación Superior Tecnológico Público Puno,"-15.882774,-69.999663",2024-11-14,02:58:00,12.08,23.04,31.47
9062,Urbanización Alto Puno,"-15.814292,-70.031918",Instituto de Educación Superior Tecnológico Público Puno,"-15.882774,-69.999663",2024-07-23,18:13:00,12.82,23.17,33.19
9073,Urbanización Alto Puno,"-15.814292,-70.031918",Jayllihuaya Puno,"-15.8787471,-69.9751057",2024-11-23,11:22:00,12.91,21.63,35.8
9099,Urbanización Alto Puno,"-15.814292,-70.031918",Instituto de Educación Superior Tecnológico Público Puno,"-15.882774,-69.999663",2024-11-10,20:07:00,12.41,21.96,33.9
9203,Instituto de Educación Superior Tecnológico Público Puno,"-15.882774,-69.999663",Complejo Deportivo Alto Llavini Puno,"-15.81855,-70.025004",2024-06-16,16:04:00,11.27,22.0,30.73
9212,Senati Puno,"-15.8699536,-69.9988485",Cementerio Yanamayo Puno,"-15.8096272,-70.0300562",2024-08-11,16:46:00,10.81,22.0,29.47
9393,Jayllihuaya Puno,"-15.8787471,-69.9751057",Jr. Lima Puno,"-15.838756,-70.02816",2024-09-09,07:15:00,11.49,22.0,31.33
9414,Hospital III EsSalud Puno,"-15.8734615,-70.0004113",Cementerio Yanamayo Puno,"-15.8096272,-70.0300562",2024-09-16,20:36:00,11.51,19.15,36.06
9415,Urbanización Alto Puno,"-15.814292,-70.031918",Colegio Don Bosco Puno,"-15.883085,-70.001176",2024-09-22,01:19:00,11.9,21.19,33.68
9450,Cementerio Yanamayo Puno,"-15.8096272,-70.0300562",Urbanización Salcedo Puno,"-15.8724851,-69.9928585",2024-10-18,09:40:00,12.6,22.79,33.18
9606,Salcedo Puno,"-15.8687992,-69.9986595",Urbanización Alto Puno,"-15.814292,-70.031918",2024-06-09,00:24:00,10.98,21.36,30.84
9663,Colegio Adventista Puno,"-15.8366071,-70.0291852",Jayllihuaya Puno,"-15.8787471,-69.9751057",2024-11-27,19:39:00,11.8,22.0,32.17
9936,Jr. Tarapacá Puno,"-15.83755,-70.029158",Jayllihuaya Puno,"-15.8787471,-69.9751057",2024-06-17,13:01:00,10.55,21.33,29.68
9982,Cementerio Yanamayo Puno,"-15.8096272,-70.0300562",Colegio Don Bosco Puno,"-15.883085,-70.001176",2024-08-07,13:59:00,12.7,22.63,33.67
9992,Jayllihuaya Puno,"-15.8787471,-69.9751057",Urbanización Alto Puno,"-15.814292,-70.031918",2024-10-16,03:20:00,13.54,21.78,37.31
10064,Urbanización Alto Puno,"-15.814292,-70.031918",Instituto de Educación Superior Tecnológico Público Puno,"-15.882774,-69.999663",2024-09-09,15:31:00,13.31,21.7,36.8
10080,Mercado Bellavista Puno,"-15.8335335,-70.0233376",Jayllihuaya Puno,"-15.8787471,-69.9751057",2024-07-29,12:52:00,11.5,22.0,31.37
10139,Jayllihuaya Puno,"-15.8787471,-69.9751057",Mercado Bellavista Puno,"-15.8335335,-70.0233376",2024-07-03,19:55:00,10.67,21.21,30.2
10148,Urbanización Salcedo Puno,"-15.8724851,-69.9928585",Urbanización Alto Puno,"-15.814292,-70.031918",2024-11-25,01:54:00,11.51,22.0,31.39
10221,Plaza Mayor de Puno,"-15.8405942,-70.0279834",Jayllihuaya Puno,"-15.8787471,-69.9751057",2024-07-13,14:35:00,10.9,22.0,29.72
10294,Urbanización Alto Puno,"-15.814292,-70.031918",Jayllihuaya Puno,"-15.8787471,-69.9751057",2024-08-13,00:14:00,14.98,26.25,34.25
10329,Cementerio Yanamayo Puno,"-15.8096272,-70.0300562",Instituto de Educación Superior Tecnológico Público Puno,"-15.882774,-69.999663",2024-09-05,23:12:00,13.34,21.99,36.4
10382,Jayllihuaya Puno,"-15.8787471,-69.9751057",Institución Educativa San Juan Bautista Puno,"-15.840051,-70.0298054",2024-11-07,09:29:00,11.46,20.65,33.31
10449,Gobierno Regional de Puno,"-15.8400211,-70.0276698",Jayllihuaya Puno,"-15.8787471,-69.9751057",2024-10-24,18:56:00,11.08,21.67,30.69
10638,Jayllihuaya Puno,"-15.8787471,-69.9751057",Urbanización Alto Puno,"-15.814292,-70.031918",2024-10-30,00:14:00,14.31,22.22,38.65
10685,Jayllihuaya Puno,"-15.8787471,-69.9751057",Mirador Puma Uta Puno,"-15.8202693,-70.0287285",2024-10-11,14:34:00,13.74,22.7,36.3
10801,Mirador Puma Uta Puno,"-15.8202693,-70.0287285",Instituto de Educación Superior Tecnológico Público Puno,"-15.882774,-69.999663",2024-10-26,05:46:00,11.94,20.47,35.0
10838,Urbanización Alto Puno,"-15.814292,-70.031918",Senati Puno,"-15.8699536,-69.9988485",2024-11-02,17:28:00,10.51,22.0,28.65
10886,Cementerio Yanamayo Puno,"-15.8096272,-70.0300562",Colegio Don Bosco Puno,"-15.883085,-70.001176",2024-06-30,17:47:00,12.96,20.58,37.79
10914,Instituto de Educación Superior Tecnológico Público Puno,"-15.882774,-69.999663",Mirador Puma Uta Puno,"-15.8202693,-70.0287285",2024-11-22,04:49:00,11.4,19.8,34.56
10920,Cementerio Yanamayo Puno,"-15.8096272,-70.0300562",Instituto de Educación Superior Tecnológico Público Puno,"-15.882774,-69.999663",2024-06-20,18:43:00,12.1,21.3,34.1
10946,Instituto de Educación Superior Tecnológico Público Puno,"-15.882774,-69.999663",Complejo Deportivo Alto Llavini Puno,"-15.81855,-70.025004",2024-10-09,16:47:00,12.1,20.21,35.91
11086,Jayllihuaya Puno,"-15.8787471,-69.9751057",Urbanización Alto Puno,"-15.814292,-70.031918",2024-09-16,09:25:00,14.76,24.35,36.36
11100,Jr. Tarapacá Puno,"-15.83755,-70.029158",Jayllihuaya Puno,"-15.8787471,-69.9751057",2024-06-30,01:59:00,11.18,21.51,31.2
11287,Mirador Puma Uta Puno,"-15.8202693,-70.0287285",Instituto de Educación Superior Tecnológico Público Puno,"-15.882774,-69.999663",2024-11-13,21:48:00,11.2,22.0,30.55
11445,Jr. Lima Puno,"-15.838756,-70.02816",Jayllihuaya Puno,"-15.8787471,-69.9751057",2024-07-03,09:36:00,10.62,21.21,30.04
11476,Instituto de Educación Superior Tecnológico Público Puno,"-15.882774,-69.999663",Complejo Deportivo Alto Llavini Puno,"-15.81855,-70.025004",2024-08-08,02:05:00,11.61,20.69,33.68
11501,Mercado Bellavista Puno,"-15.8335335,-70.0233376",Jayllihuaya Puno,"-15.8787471,-69.9751057",2024-07-01,16:32:00,11.49,22.0,31.34
11552,Cementerio Yanamayo Puno,"-15.8096272,-70.0300562",Instituto de Educación Superior Tecnológico Público Puno,"-15.882774,-69.999663",2024-10-02,07:54:00,12.8,22.14,34.68
11566,Salcedo Puno,"-15.8687992,-69.9986595",Cementerio Yanamayo Puno,"-15.8096272,-70.0300562",2024-10-16,22:17:00,10.7,22.0,29.17
11574,Universidad Nacional del Altiplano,"-15.8242768,-70.0161264",Instituto de Educación Superior Tecnológico Público Puno,"-15.882774,-69.999663",2024-07-13,17:26:00,10.26,21.15,29.11
11583,Instituto de Educación Superior Tecnológico Público Puno,"-15.882774,-69.999663",Mirador Puma Uta Puno,"-15.8202693,-70.0287285",2024-09-27,12:23:00,11.31,20.77,32.66
11830,Mercado Bellavista Puno,"-15.8335335,-70.0233376",Jayllihuaya Puno,"-15.8787471,-69.9751057",2024-10-20,03:18:00,11.34,21.93,31.02
11836,Instituto de Educación Superior Tecnológico Público Puno,"-15.882774,-69.999663",Cementerio Yanamayo Puno,"-15.8096272,-70.0300562",2024-06-22,20:30:00,12.69,22.17,34.35
11919,Jayllihuaya Puno,"-15.8787471,-69.9751057",Parque San Román Puno,"-15.841093,-70.029431",2024-09-10,13:51:00,11.4,18.93,36.12
12197,Instituto Americano de Arte Puno,"-15.836384,-70.027622",Jayllihuaya Puno,"-15.8787471,-69.9751057",2024-09-08,09:27:00,10.77,22.0,29.37
12547,Urbanización Alto Puno,"-15.814292,-70.031918",Senati Puno,"-15.8699536,-69.9988485",2024-09-07,20:20:00,11.39,21.75,31.43
12621,Jayllihuaya Puno,"-15.8787471,-69.9751057",Colegio Glorioso San Carlos Puno,"-15.8348219,-70.0245958",2024-08-10,13:28:00,11.4,21.75,31.44
12707,Jayllihuaya Puno,"-15.8787471,-69.9751057",Plaza Vea Puno,"-15.83636,-70.025604",2024-06-18,07:59:00,11.41,18.46,37.08
12750,Urbanización Alto Puno,"-15.814292,-70.031918",Salcedo Puno,"-15.8687992,-69.9986595",2024-11-28,06:34:00,10.48,21.37,29.44
12784,Cementerio Yanamayo Puno,"-15.8096272,-70.0300562",Colegio Don Bosco Puno,"-15.883085,-70.001176",2024-09-17,09:37:00,12.2,23.21,31.53
12824,Cementerio Yanamayo Puno,"-15.8096272,-70.0300562",Instituto de Educación Superior Tecnológico Público Puno,"-15.882774,-69.999663",2024-07-09,11:25:00,12.53,20.11,37.4
12979,Urbanización Huajsapata Puno,"-15.842445,-70.032551",Jayllihuaya Puno,"-15.8787471,-69.9751057",2024-10-25,13:44:00,11.46,21.91,31.38
13164,Jr. Tarapacá Puno,"-15.83755,-70.029158",Jayllihuaya Puno,"-15.8787471,-69.9751057",2024-10-19,04:19:00,11.68,20.98,33.39
13171,Salcedo Puno,"-15.8687992,-69.9986595",Cementerio Yanamayo Puno,"-15.8096272,-70.0300562",2024-09-05,17:49:00,11.37,19.91,34.26
13214,Urbanización Huajsapata Puno,"-15.842445,-70.032551",Jayllihuaya Puno,"-15.8787471,-69.9751057",2024-10-18,19:13:00,11.69,21.85,32.1
13245,Jayllihuaya Puno,"-15.8787471,-69.9751057",Urbanización Alto Puno,"-15.814292,-70.031918",2024-09-24,21:07:00,14.22,22.79,37.44
13293,Urbanización Alto Puno,"-15.814292,-70.031918",Colegio Don Bosco Puno,"-15.883085,-70.001176",2024-08-18,13:49:00,12.2,20.42,35.84
13326,Urbanización Alto Puno,"-15.814292,-70.031918",Urbanización Salcedo Puno,"-15.8724851,-69.9928585",2024-10-09,13:23:00,11.48,22.0,31.32
13530,Mirador Puma Uta Puno,"-15.8202693,-70.0287285",Hospital III EsSalud Puno,"-15.8734615,-70.0004113",2024-11-29,15:45:00,10.63,21.65,29.45
13542,Complejo Deportivo Alto Llavini Puno,"-15.81855,-70.025004",Instituto de Educación Superior Tecnológico Público Puno,"-15.882774,-69.999663",2024-11-25,04:30:00,11.84,22.0,32.3
13588,Jayllihuaya Puno,"-15.8787471,-69.9751057",Universidad Nacional del Altiplano,"-15.8242768,-70.0161264",2024-07-23,22:08:00,11.54,20.42,33.89
13786,Jayllihuaya Puno,"-15.8787471,-69.9751057",Cementerio Yanamayo Puno,"-15.8096272,-70.0300562",2024-08-10,14:27:00,14.04,25.24,33.38
13981,Urbanización Alto Puno,"-15.814292,-70.031918",Jayllihuaya Puno,"-15.8787471,-69.9751057",2024-09-30,12:41:00,14.38,25.43,33.92
14145,Colegio Glorioso San Carlos Puno,"-15.8348219,-70.0245958",Jayllihuaya Puno,"-15.8787471,-69.9751057",2024-06-04,21:04:00,10.88,21.61,30.2
14259,Jr. Tarapacá Puno,"-15.83755,-70.029158",Jayllihuaya Puno,"-15.8787471,-69.9751057",2024-08-06,05:54:00,10.63,21.89,29.14
14284,Jayllihuaya Puno,"-15.8787471,-69.9751057",Plaza Mayor de Puno,"-15.8405942,-70.0279834",2024-08-05,14:48:00,10.54,21.36,29.62
14296,Jayllihuaya Puno,"-15.8787471,-69.9751057",Cementerio Yanamayo Puno,"-15.8096272,-70.0300562",2024-08-12,08:29:00,14.32,22.16,38.78
14326,Instituto de Educación Superior Tecnológico Público Puno,"-15.882774,-69.999663",Cementerio Yanamayo Puno,"-15.8096272,-70.0300562",2024-06-16,07:25:00,12.08,21.45,33.8
14713,Cementerio Yanamayo Puno,"-15.8096272,-70.0300562",Instituto de Educación Superior Tecnológico Público Puno,"-15.882774,-69.999663",2024-11-01,05:48:00,12.83,21.71,35.45
14872,Urbanización Alto Puno,"-15.814292,-70.031918",Jayllihuaya Puno,"-15.8787471,-69.9751057",2024-10-03,21:38:00,13.82,25.99,31.9
14888,Jr. Tarapacá Puno,"-15.83755,-70.029158",Jayllihuaya Puno,"-15.8787471,-69.9751057",2024-11-18,11:34:00,10.93,22.0,29.8
15014,Complejo Deportivo Alto Llavini Puno,"-15.81855,-70.025004",Instituto de Educación Superior Tecnológico Público Puno,"-15.882774,-69.999663",2024-11-19,09:41:00,11.52,21.67,31.89
15036,Salcedo Puno,"-15.8687992,-69.9986595",Cementerio Yanamayo Puno,"-15.8096272,-70.0300562",2024-09-17,19:53:00,11.7,22.0,31.92
15090,Universidad Nacional del Altiplano,"-15.8242768,-70.0161264",Jayllihuaya Puno,"-15.8787471,-69.9751057",2024-11-13,03:57:00,11.29,20.47,33.1
15150,Urbanización Salcedo Puno,"-15.8724851,-69.9928585",Mirador Puma Uta Puno,"-15.8202693,-70.0287285",2024-07-30,21:10:00,10.86,21.44,30.4
15203,Cementerio Yanamayo Puno,"-15.8096272,-70.0300562",Colegio Don Bosco Puno,"-15.883085,-70.001176",2024-08-18,15:25:00,12.16,21.26,34.33
15237,Mercado Bellavista Puno,"-15.8335335,-70.0233376",Jayllihuaya Puno,"-15.8787471,-69.9751057",2024-09-11,03:52:00,11.11,22.0,30.31
15291,Cementerio Yanamayo Puno,"-15.8096272,-70.0300562",Colegio Don Bosco Puno,"-15.883085,-70.001176",2024-08-31,10:07:00,13.2,24.9,31.8
15292,Instituto de Educación Superior Tecnológico Público Puno,"-15.882774,-69.999663",Urbanización Alto Puno,"-15.814292,-70.031918",2024-07-24,22:49:00,13.01,22.02,35.44
15339,Colegio Adventista Puno,"-15.8366071,-70.0291852",Jayllihuaya Puno,"-15.8787471,-69.9751057",2024-07-19,18:59:00,11.59,20.43,34.04
15344,Jayllihuaya Puno,"-15.8787471,-69.9751057",Urbanización Alto Puno,"-15.814292,-70.031918",2024-07-31,11:01:00,14.46,26.22,33.1
15467,Complejo Deportivo Alto Llavini Puno,"-15.81855,-70.025004",Instituto de Educación Superior Tecnológico Público Puno,"-15.882774,-69.999663",2024-09-23,15:00:00,11.92,20.6,34.72
15473,Cementerio Yanamayo Puno,"-15.8096272,-70.0300562",Instituto de Educación Superior Tecnológico Público Puno,"-15.882774,-69.999663",2024-09-02,01:51:00,13.53,21.88,37.11
15475,Jayllihuaya Puno,"-15.8787471,-69.9751057",Institución Educativa San Juan Bautista Puno,"-15.840051,-70.0298054",2024-07-07,07:26:00,11.37,22.0,31.01
15541,Instituto Americano de Arte Puno,"-15.836384,-70.027622",Jayllihuaya Puno,"-15.8787471,-69.9751057",2024-08-18,21:51:00,11.27,22.0,30.73
15626,Jayllihuaya Puno,"-15.8787471,-69.9751057",Avenida La Torre Puno,"-15.8336052,-70.0276202",2024-07-05,15:21:00,11.74,20.46,34.44
15665,Complejo Deportivo Alto Llavini Puno,"-15.81855,-70.025004",Jayllihuaya Puno,"-15.8787471,-69.9751057",2024-09-01,08:37:00,12.23,20.46,35.87
15797,Instituto de Educación Superior Tecnológico Público Puno,"-15.882774,-69.999663",Complejo Deportivo Alto Llavini Puno,"-15.81855,-70.025004",2024-07-01,11:52:00,10.72,22.0,29.23
15854,Complejo Deportivo Alto Llavini Puno,"-15.81855,-70.025004",Hospital III EsSalud Puno,"-15.8734615,-70.0004113",2024-07-27,01:41:00,10.18,21.15,28.88
15945,Cementerio Yanamayo Puno,"-15.8096272,-70.0300562",Colegio Don Bosco Puno,"-15.883085,-70.001176",2024-11-06,13:47:00,11.84,19.7,36.07
16038,Urbanización Alto Puno,"-15.814292,-70.031918",Colegio Don Bosco Puno,"-15.883085,-70.001176",2024-08-09,07:54:00,11.47,18.71,36.79
16128,Jayllihuaya Puno,"-15.8787471,-69.9751057",Urbanización Alto Puno,"-15.814292,-70.031918",2024-06-06,10:04:00,13.69,22.96,35.77
16132,Jayllihuaya Puno,"-15.8787471,-69.9751057",Mercado Bellavista Puno,"-15.8335335,-70.0233376",2024-11-15,12:26:00,11.45,21.58,31.84
16195,Instituto de Educación Superior Tecnológico Público Puno,"-15.882774,-69.999663",Mirador Puma Uta Puno,"-15.8202693,-70.0287285",2024-08-01,20:12:00,11.33,19.44,34.96
16205,Jayllihuaya Puno,"-15.8787471,-69.9751057",Parque San Román Puno,"-15.841093,-70.029431",2024-10-01,01:02:00,11.35,22.0,30.96
16294,Complejo Deportivo Alto Llavini Puno,"-15.81855,-70.025004",Urbanización Salcedo Puno,"-15.8724851,-69.9928585",2024-06-09,18:07:00,10.8,22.0,29.45
16334,Urbanización Alto Puno,"-15.814292,-70.031918",Jayllihuaya Puno,"-15.8787471,-69.9751057",2024-11-08,09:09:00,14.02,26.49,31.77
16448,Jayllihuaya Puno,"-15.8787471,-69.9751057",Urbanización Alto Puno,"-15.814292,-70.031918",2024-06-03,14:32:00,14.17,23.37,36.38
16477,Jayllihuaya Puno,"-15.8787471,-69.9751057",Plaza Vea Puno,"-15.83636,-70.025604",2024-10-19,03:24:00,10.88,22.0,29.68
16594,Urbanización Alto Puno,"-15.814292,-70.031918",Salcedo Puno,"-15.8687992,-69.9986595",2024-09-19,19:28:00,11.03,22.0,30.07
16631,Complejo Deportivo Alto Llavini Puno,"-15.81855,-70.025004",Instituto de Educación Superior Tecnológico Público Puno,"-15.882774,-69.999663",2024-08-23,17:39:00,11.65,19.68,35.51
16662,Jr. Tarapacá Puno,"-15.83755,-70.029158",Jayllihuaya Puno,"-15.8787471,-69.9751057",2024-08-18,01:25:00,11.56,22.0,31.52
16694,Urbanización Alto Puno,"-15.814292,-70.031918",Instituto de Educación Superior Tecnológico Público Puno,"-15.882774,-69.999663",2024-07-19,10:15:00,11.46,20.86,32.96
16788,Jayllihuaya Puno,"-15.8787471,-69.9751057",Cementerio Yanamayo Puno,"-15.8096272,-70.0300562",2024-10-06,07:08:00,14.45,25.9,33.47
16805,Jayllihuaya Puno,"-15.8787471,-69.9751057",Avenida La Torre Puno,"-15.8336052,-70.0276202",2024-10-11,15:42:00,11.02,22.0,30.07
16875,Senati Puno,"-15.8699536,-69.9988485",Cementerio Yanamayo Puno,"-15.8096272,-70.0300562",2024-07-26,20:14:00,11.18,21.33,31.45
17215,Urbanización Alto Puno,"-15.814292,-70.031918",Colegio Don Bosco Puno,"-15.883085,-70.001176",2024-11-02,01:21:00,11.89,22.0,32.42
17251,Complejo Deportivo Alto Llavini Puno,"-15.81855,-70.025004",Instituto de Educación Superior Tecnológico Público Puno,"-15.882774,-69.999663",2024-09-22,18:27:00,10.95,22.0,29.86
17307,Jr. Lima Puno,"-15.838756,-70.02816",Jayllihuaya Puno,"-15.8787471,-69.9751057",2024-08-21,21:43:00,11.36,21.38,31.87
17379,Cementerio Yanamayo Puno,"-15.8096272,-70.0300562",Instituto de Educación Superior Tecnológico Público Puno,"-15.882774,-69.999663",2024-11-03,22:28:00,12.18,20.71,35.29
17480,Urbanización Salcedo Puno,"-15.8724851,-69.9928585",Cementerio Yanamayo Puno,"-15.8096272,-70.0300562",2024-09-26,13:16:00,12.76,23.62,32.41
17536,Jayllihuaya Puno,"-15.8787471,-69.9751057",Complejo Deportivo Alto Llavini Puno,"-15.81855,-70.025004",2024-08-11,14:41:00,11.77,20.76,34.02
17606,Jayllihuaya Puno,"-15.8787471,-69.9751057",Avenida La Torre Puno,"-15.8336052,-70.0276202",2024-09-09,20:35:00,11.49,20.11,34.29
17630,Instituto de Educación Superior Tecnológico Público Puno,"-15.882774,-69.999663",Complejo Deportivo Alto Llavini Puno,"-15.81855,-70.025004",2024-09-10,23:27:00,11.99,21.09,34.11
17742,Urbanización Alto Puno,"-15.814292,-70.031918",Instituto de Educación Superior Tecnológico Público Puno,"-15.882774,-69.999663",2024-09-18,07:17:00,11.57,22.0,31.55
17819,Colegio Adventista Puno,"-15.8366071,-70.0291852",Jayllihuaya Puno,"-15.8787471,-69.9751057",2024-07-05,07:21:00,11.36,22.0,30.99
17876,Parque Pino Puno,"-15.8378073,-70.0280672",Jayllihuaya Puno,"-15.8787471,-69.9751057",2024-06-11,00:54:00,11.53,21.79,31.76
18011,Plaza Vea Puno,"-15.83636,-70.025604",Jayllihuaya Puno,"-15.8787471,-69.9751057",2024-07-18,17:21:00,10.4,21.79,28.65
18086,Plaza Vea Puno,"-15.83636,-70.025604",Jayllihuaya Puno,"-15.8787471,-69.9751057",2024-06-05,17:30:00,10.62,21.47,29.67
18157,Urbanización Alto Puno,"-15.814292,-70.031918",Instituto de Educación Superior Tecnológico Público Puno,"-15.882774,-69.999663",2024-11-13,23:04:00,12.96,23.81,32.65
18246,Parque del Periodista Puno,"-15.839012,-70.023311",Jayllihuaya Puno,"-15.8787471,-69.9751057",2024-11-27,19:00:00,10.82,21.08,30.79
18260,Urbanización Alto Puno,"-15.814292,-70.031918",Jayllihuaya Puno,"-15.8787471,-69.9751057",2024-07-03,10:03:00,14.87,24.5,36.43
18267,Jayllihuaya Puno,"-15.8787471,-69.9751057",Mercado Bellavista Puno,"-15.8335335,-70.0233376",2024-11-11,12:46:00,11.48,20.63,33.39
18367,Mirador Puma Uta Puno,"-15.8202693,-70.0287285",Jayllihuaya Puno,"-15.8787471,-69.9751057",2024-09-17,21:41:00,12.54,21.84,34.46
18525,Mercado Bellavista Puno,"-15.8335335,-70.0233376",Jayllihuaya Puno,"-15.8787471,-69.9751057",2024-07-24,11:38:00,11.39,22.0,31.07
18549,Jayllihuaya Puno,"-15.8787471,-69.9751057",Municipalidad Provincial de Puno,"-15.840283,-70.028314",2024-06-09,09:48:00,11.28,22.0,30.75
18560,Urbanización Salcedo Puno,"-15.8724851,-69.9928585",Cementerio Yanamayo Puno,"-15.8096272,-70.0300562",2024-10-14,10:21:00,12.21,21.49,34.1
18587,Urbanización Salcedo Puno,"-15.8724851,-69.9928585",Cementerio Yanamayo Puno,"-15.8096272,-70.0300562",2024-06-09,03:44:00,12.6,23.11,32.73
18605,Jayllihuaya Puno,"-15.8787471,-69.9751057",Urbanización Alto Puno,"-15.814292,-70.031918",2024-07-29,06:44:00,14.21,23.22,36.72
18687,Complejo Deportivo Alto Llavini Puno,"-15.81855,-70.025004",Instituto de Educación Superior Tecnológico Público Puno,"-15.882774,-69.999663",2024-06-28,11:34:00,11.9,20.07,35.57
18853,Jayllihuaya Puno,"-15.8787471,-69.9751057",Avenida La Torre Puno,"-15.8336052,-70.0276202",2024-11-07,03:58:00,11.92,21.41,33.4
18894,Instituto de Educación Superior Tecnológico Público Puno,"-15.882774,-69.999663",Cementerio Yanamayo Puno,"-15.8096272,-70.0300562",2024-06-17,10:15:00,12.08,20.32,35.68
18903,Instituto de Educación Superior Tecnológico Público Puno,"-15.882774,-69.999663",Complejo Deportivo Alto Llavini Puno,"-15.81855,-70.025004",2024-11-26,22:04:00,11.33,22.0,30.89
18948,Colegio Adventista Puno,"-15.8366071,-70.0291852",Jayllihuaya Puno,"-15.8787471,-69.9751057",2024-10-16,10:37:00,11.9,22.0,32.45
18965,Jayllihuaya Puno,"-15.8787471,-69.9751057",Parque Pino Puno,"-15.8378073,-70.0280672",2024-09-21,14:18:00,10.99,21.37,30.86
19011,Urbanización Alto Puno,"-15.814292,-70.031918",Jayllihuaya Puno,"-15.8787471,-69.9751057",2024-07-18,18:12:00,14.58,24.28,36.02
19024,Jayllihuaya Puno,"-15.8787471,-69.9751057",Cementerio Yanamayo Puno,"-15.8096272,-70.0300562",2024-07-20,02:04:00,14.8,23.82,37.29
19072,Complejo Deportivo Alto Llavini Puno,"-15.81855,-70.025004",Urbanización Salcedo Puno,"-15.8724851,-69.9928585",2024-10-28,07:21:00,10.77,21.38,30.23
19227,Jayllihuaya Puno,"-15.8787471,-69.9751057",Municipalidad Provincial de Puno,"-15.840283,-70.028314",2024-06-10,19:17:00,10.68,21.71,29.53
19238,Jr. Tarapacá Puno,"-15.83755,-70.029158",Jayllihuaya Puno,"-15.8787471,-69.9751057",2024-08-18,23:47:00,11.72,22.0,31.97
19275,Jr. Tarapacá Puno,"-15.83755,-70.029158",Jayllihuaya Puno,"-15.8787471,-69.9751057",2024-08-19,16:29:00,11.42,22.0,31.13
19319,Complejo Deportivo Alto Llavini Puno,"-15.81855,-70.025004",Colegio Don Bosco Puno,"-15.883085,-70.001176",2024-07-28,08:04:00,11.38,21.32,32.02
19391,Complejo Deportivo Alto Llavini Puno,"-15.81855,-70.025004",Colegio Don Bosco Puno,"-15.883085,-70.001176",2024-07-28,15:11:00,11.77,20.88,33.82
19459,Urbanización Alto Puno,"-15.814292,-70.031918",Senati Puno,"-15.8699536,-69.9988485",2024-09-18,07:05:00,10.65,22.0,29.04
19533,Jayllihuaya Puno,"-15.8787471,-69.9751057",Municipalidad Provincial de Puno,"-15.840283,-70.028314",2024-08-31,07:19:00,11.29,21.09,32.12
19570,Instituto de Educación Superior Tecnológico Público Puno,"-15.882774,-69.999663",Cementerio Yanamayo Puno,"-15.8096272,-70.0300562",2024-11-17,16:48:00,12.33,23.3,31.74
19630,Urbanización Alto Puno,"-15.814292,-70.031918",Jayllihuaya Puno,"-15.8787471,-69.9751057",2024-07-09,21:30:00,13.35,21.66,36.98
19686,Jayllihuaya Puno,"-15.8787471,-69.9751057",Urbanización Huajsapata Puno,"-15.842445,-70.032551",2024-09-20,10:44:00,10.89,21.79,29.98
19692,Jayllihuaya Puno,"-15.8787471,-69.9751057",Plaza Mayor de Puno,"-15.8405942,-70.0279834",2024-09-25,08:49:00,11.17,22.0,30.47
19734,Hotel Sonesta Posadas del Inca Puno,"-15.8241171,-70.0050901",Colegio Don Bosco Puno,"-15.883085,-70.001176",2024-07-28,16:37:00,10.34,21.04,29.49
19743,Instituto de Educación Superior Tecnológico Público Puno,"-15.882774,-69.999663",Complejo Deportivo Alto Llavini Puno,"-15.81855,-70.025004",2024-11-13,21:31:00,11.81,22.0,32.21
19782,Jayllihuaya Puno,"-15.8787471,-69.9751057",Cementerio Yanamayo Puno,"-15.8096272,-70.0300562",2024-08-23,06:04:00,15.26,27.32,33.52
19876,Jayllihuaya Puno,"-15.8787471,-69.9751057",Avenida La Torre Puno,"-15.8336052,-70.0276202",2024-06-13,05:36:00,11.55,20.26,34.2
19880,Instituto de Educación Superior Tecnológico Público Puno,"-15.882774,-69.999663",Complejo Deportivo Alto Llavini Puno,"-15.81855,-70.025004",2024-09-15,02:01:00,12.09,21.34,33.98
19920,Jayllihuaya Puno,"-15.8787471,-69.9751057",Colegio Glorioso San Carlos Puno,"-15.8348219,-70.0245958",2024-06-23,08:12:00,11.48,22.0,31.31
19927,Mercado Bellavista Puno,"-15.8335335,-70.0233376",Jayllihuaya Puno,"-15.8787471,-69.9751057",2024-10-03,14:40:00,11.38,19.48,35.07
19957,Jayllihuaya Puno,"-15.8787471,-69.9751057",Urbanización Huajsapata Puno,"-15.842445,-70.032551",2024-07-20,11:36:00,10.91,22.0,29.74
20080,Instituto de Educación Superior Tecnológico Público Puno,"-15.882774,-69.999663",Universidad Nacional del Altiplano,"-15.8242768,-70.0161264",2024-06-01,06:28:00,10.6,21.27,29.91
20085,Senati Puno,"-15.8699536,-69.9988485",Urbanización Alto Puno,"-15.814292,-70.031918",2024-06-17,02:01:00,11.4,22.0,31.09
20118,Universidad Nacional del Altiplano,"-15.8242768,-70.0161264",Jayllihuaya Puno,"-15.8787471,-69.9751057",2024-09-27,14:15:00,11.15,21.38,31.29
20168,Cementerio Yanamayo Puno,"-15.8096272,-70.0300562",Colegio Don Bosco Puno,"-15.883085,-70.001176",2024-07-13,18:08:00,13.26,26.15,30.43
20180,Mercado Bellavista Puno,"-15.8335335,-70.0233376",Jayllihuaya Puno,"-15.8787471,-69.9751057",2024-09-10,16:40:00,11.3,22.0,30.82
20211,Mercado Bellavista Puno,"-15.8335335,-70.0233376",Jayllihuaya Puno,"-15.8787471,-69.9751057",2024-08-04,14:29:00,11.47,22.0,31.28
20382,Parque San Román Puno,"-15.841093,-70.029431",Jayllihuaya Puno,"-15.8787471,-69.9751057",2024-08-01,23:06:00,11.36,21.25,32.08
20390,Urbanización Alto Puno,"-15.814292,-70.031918",Instituto de Educación Superior Tecnológico Público Puno,"-15.882774,-69.999663",2024-11-10,14:24:00,11.69,21.95,31.95
20538,Mirador Puma Uta Puno,"-15.8202693,-70.0287285",Jayllihuaya Puno,"-15.8787471,-69.9751057",2024-09-19,12:04:00,12.36,24.15,30.7
20661,Complejo Deportivo Alto Llavini Puno,"-15.81855,-70.025004",Instituto de Educación Superior Tecnológico Público Puno,"-15.882774,-69.999663",2024-08-10,09:02:00,12.0,21.93,32.83
20675,Plaza Vea Puno,"-15.83636,-70.025604",Jayllihuaya Puno,"-15.8787471,-69.9751057",2024-10-16,08:33:00,11.38,20.13,33.93
20720,Parque Pino Puno,"-15.8378073,-70.0280672",Jayllihuaya Puno,"-15.8787471,-69.9751057",2024-10-08,20:56:00,11.62,20.71,33.66
20772,Universidad Nacional del Altiplano,"-15.8242768,-70.0161264",Instituto de Educación Superior Tecnológico Público Puno,"-15.882774,-69.999663",2024-07-28,12:10:00,10.4,21.24,29.39
20843,Urbanización Alto Puno,"-15.814292,-70.031918",Instituto de Educación Superior Tecnológico Público Puno,"-15.882774,-69.999663",2024-10-23,10:55:00,11.4,19.84,34.46
20979,Jr. Lima Puno,"-15.838756,-70.02816",Jayllihuaya Puno,"-15.8787471,-69.9751057",2024-09-03,03:49:00,11.43,18.71,36.66
21069,Jr. Tarapacá Puno,"-15.83755,-70.029158",Jayllihuaya Puno,"-15.8787471,-69.9751057",2024-11-20,17:13:00,11.44,20.2,33.99
21089,Instituto de Educación Superior Tecnológico Público Puno,"-15.882774,-69.999663",Complejo Deportivo Alto Llavini Puno,"-15.81855,-70.025004",2024-07-23,10:29:00,12.02,21.51,33.53
21131,Urbanización Alto Puno,"-15.814292,-70.031918",Salcedo Puno,"-15.8687992,-69.9986595",2024-09-06,15:13:00,11.15,21.03,31.8
21168,Mercado Bellavista Puno,"-15.8335335,-70.0233376",Jayllihuaya Puno,"-15.8787471,-69.9751057",2024-09-27,17:54:00,10.62,21.3,29.93
21242,Universidad Nacional del Altiplano,"-15.8242768,-70.0161264",Instituto de Educación Superior Tecnológico Público Puno,"-15.882774,-69.999663",2024-06-21,00:42:00,10.7,22.0,29.19
21248,Urbanización Alto Puno,"-15.814292,-70.031918",Urbanización Salcedo Puno,"-15.8724851,-69.9928585",2024-07-16,11:36:00,11.72,20.67,34.01
21274,Jayllihuaya Puno,"-15.8787471,-69.9751057",Mirador Puma Uta Puno,"-15.8202693,-70.0287285",2024-08-11,00:16:00,12.3,21.7,34.02
21332,Jayllihuaya Puno,"-15.8787471,-69.9751057",Mirador Puma Uta Puno,"-15.8202693,-70.0287285",2024-11-23,23:07:00,12.31,21.51,34.35
21354,Cementerio Yanamayo Puno,"-15.8096272,-70.0300562",Salcedo Puno,"-15.8687992,-69.9986595",2024-08-26,22:13:00,11.57,22.0,31.56
21633,Jayllihuaya Puno,"-15.8787471,-69.9751057",Universidad Nacional del Altiplano,"-15.8242768,-70.0161264",2024-11-10,01:55:00,11.7,22.0,31.9
21661,Jayllihuaya Puno,"-15.8787471,-69.9751057",Cementerio Yanamayo Puno,"-15.8096272,-70.0300562",2024-10-17,12:02:00,14.33,28.09,30.61
21686,Urbanización Salcedo Puno,"-15.8724851,-69.9928585",Cementerio Yanamayo Puno,"-15.8096272,-70.0300562",2024-07-14,02:20:00,11.57,19.07,36.4
21715,Jayllihuaya Puno,"-15.8787471,-69.9751057",Plaza Mayor de Puno,"-15.8405942,-70.0279834",2024-08-30,07:08:00,10.64,21.97,29.07
21799,Hotel Sonesta Posadas del Inca Puno,"-15.8241171,-70.0050901",Colegio Don Bosco Puno,"-15.883085,-70.001176",2024-09-14,23:18:00,10.5,21.38,29.46
21830,Jayllihuaya Puno,"-15.8787471,-69.9751057",Parque Pino Puno,"-15.8378073,-70.0280672",2024-06-03,04:33:00,11.46,20.84,33.0
21886,Mercado Bellavista Puno,"-15.8335335,-70.0233376",Jayllihuaya Puno,"-15.8787471,-69.9751057",2024-10-31,21:35:00,11.33,19.58,34.72
21956,Instituto de Educación Superior Tecnológico Público Puno,"-15.882774,-69.999663",Complejo Deportivo Alto Llavini Puno,"-15.81855,-70.025004",2024-07-26,15:27:00,11.3,20.09,33.75
22022,Complejo Deportivo Alto Llavini Puno,"-15.81855,-70.025004",Jayllihuaya Puno,"-15.8787471,-69.9751057",2024-08-20,17:04:00,12.29,24.09,30.61
22054,Urbanización Salcedo Puno,"-15.8724851,-69.9928585",Cementerio Yanamayo Puno,"-15.8096272,-70.0300562",2024-10-06,17:54:00,11.46,19.46,35.33
22227,Gobierno Regional de Puno,"-15.8400211,-70.0276698",Jayllihuaya Puno,"-15.8787471,-69.9751057",2024-07-30,03:29:00,11.04,22.0,30.12
22266,Jayllihuaya Puno,"-15.8787471,-69.9751057",Cementerio Yanamayo Puno,"-15.8096272,-70.0300562",2024-07-18,08:46:00,13.66,26.09,31.42
22296,Jayllihuaya Puno,"-15.8787471,-69.9751057",Municipalidad Provincial de Puno,"-15.840283,-70.028314",2024-06-06,13:18:00,10.87,22.0,29.65
22368,Salcedo Puno,"-15.8687992,-69.9986595",Cementerio Yanamayo Puno,"-15.8096272,-70.0300562",2024-11-29,15:27:00,11.07,22.0,30.19
22412,Hotel Sonesta Posadas del Inca Puno,"-15.8241171,-70.0050901",Jayllihuaya Puno,"-15.8787471,-69.9751057",2024-09-30,01:12:00,10.86,21.04,30.98
22450,Senati Puno,"-15.8699536,-69.9988485",Cementerio Yanamayo Puno,"-15.8096272,-70.0300562",2024-11-06,20:16:00,11.72,20.25,34.74
22601,Urbanización Alto Puno,"-15.814292,-70.031918",Hospital III EsSalud Puno,"-15.8734615,-70.0004113",2024-10-20,03:07:00,11.63,19.21,36.33
22705,Mercado Bellavista Puno,"-15.8335335,-70.0233376",Jayllihuaya Puno,"-15.8787471,-69.9751057",2024-09-09,06:25:00,11.45,22.0,31.22
22856,Cementerio Yanamayo Puno,"-15.8096272,-70.0300562",Urbanización Salcedo Puno,"-15.8724851,-69.9928585",2024-09-13,19:28:00,11.9,22.0,32.45
22870,Jayllihuaya Puno,"-15.8787471,-69.9751057",Cementerio Yanamayo Puno,"-15.8096272,-70.0300562",2024-10-19,09:59:00,13.99,22.27,37.69
22898,Mirador Puma Uta Puno,"-15.8202693,-70.0287285",Colegio Don Bosco Puno,"-15.883085,-70.001176",2024-11-10,05:45:00,12.06,20.0,36.17
22932,Jayllihuaya Puno,"-15.8787471,-69.9751057",Instituto Americano de Arte Puno,"-15.836384,-70.027622",2024-07-06,01:01:00,11.58,22.0,31.6
23100,Urbanización Alto Puno,"-15.814292,-70.031918",Hospital III EsSalud Puno,"-15.8734615,-70.0004113",2024-07-04,21:44:00,11.42,22.0,31.15
23193,Jayllihuaya Puno,"-15.8787471,-69.9751057",Municipalidad Provincial de Puno,"-15.840283,-70.028314",2024-09-29,06:33:00,11.25,22.0,30.68
23218,Parque San Román Puno,"-15.841093,-70.029431",Jayllihuaya Puno,"-15.8787471,-69.9751057",2024-07-27,07:17:00,10.75,21.03,30.68
23226,Instituto de Educación Superior Tecnológico Público Puno,"-15.882774,-69.999663",Universidad Nacional del Altiplano,"-15.8242768,-70.0161264",2024-08-07,05:23:00,10.54,21.4,29.57
23229,Mirador Puma Uta Puno,"-15.8202693,-70.0287285",Instituto de Educación Superior Tecnológico Público Puno,"-15.882774,-69.999663",2024-11-26,21:10:00,12.11,21.69,33.49
23321,Jayllihuaya Puno,"-15.8787471,-69.9751057",Cementerio Yanamayo Puno,"-15.8096272,-70.0300562",2024-09-04,17:08:00,14.82,26.97,32.97
23324,Cementerio Yanamayo Puno,"-15.8096272,-70.0300562",Instituto de Educación Superior Tecnológico Público Puno,"-15.882774,-69.999663",2024-07-23,09:30:00,12.86,20.63,37.39
23378,Cementerio Yanamayo Puno,"-15.8096272,-70.0300562",Instituto de Educación Superior Tecnológico Público Puno,"-15.882774,-69.999663",2024-06-10,18:27:00,13.99,22.29,37.67
23396,Urbanización Alto Puno,"-15.814292,-70.031918",Instituto de Educación Superior Tecnológico Público Puno,"-15.882774,-69.999663",2024-10-29,23:56:00,11.59,22.0,31.61
23412,Plaza Vea Puno,"-15.83636,-70.025604",Jayllihuaya Puno,"-15.8787471,-69.9751057",2024-11-01,10:13:00,11.45,20.05,34.26
23471,Mercado Bellavista Puno,"-15.8335335,-70.0233376",Jayllihuaya Puno,"-15.8787471,-69.9751057",2024-10-12,07:40:00,11.29,22.0,30.79
23514,Jayllihuaya Puno,"-15.8787471,-69.9751057",Cementerio Yanamayo Puno,"-15.8096272,-70.0300562",2024-09-26,04:04:00,13.29,21.67,36.8
23574,Instituto de Educación Superior Tecnológico Público Puno,"-15.882774,-69.999663",Cementerio Yanamayo Puno,"-15.8096272,-70.0300562",2024-07-01,06:51:00,12.93,21.19,36.62
23629,Mercado Bellavista Puno,"-15.8335335,-70.0233376",Jayllihuaya Puno,"-15.8787471,-69.9751057",2024-11-20,19:52:00,11.46,22.0,31.24
23695,Urbanización Huajsapata Puno,"-15.842445,-70.032551",Jayllihuaya Puno,"-15.8787471,-69.9751057",2024-09-10,17:57:00,11.1,21.65,30.76
23724,Urbanización Alto Puno,"-15.814292,-70.031918",Colegio Don Bosco Puno,"-15.883085,-70.001176",2024-09-24,01:24:00,11.78,21.33,33.13
23920,Universidad Nacional del Altiplano,"-15.8242768,-70.0161264",Colegio Don Bosco Puno,"-15.883085,-70.001176",2024-08-03,11:30:00,10.49,21.25,29.63
23987,Hospital III EsSalud Puno,"-15.8734615,-70.0004113",Cementerio Yanamayo Puno,"-15.8096272,-70.0300562",2024-07-26,21:09:00,10.66,22.0,29.07
24023,Jr. Tarapacá Puno,"-15.83755,-70.029158",Jayllihuaya Puno,"-15.8787471,-69.9751057",2024-09-03,22:44:00,11.57,22.0,31.55
24133,Jayllihuaya Puno,"-15.8787471,-69.9751057",Mirador Puma Uta Puno,"-15.8202693,-70.0287285",2024-10-04,02:27:00,13.52,21.74,37.32
24346,Instituto de Educación Superior Tecnológico Público Puno,"-15.882774,-69.999663",Cementerio Yanamayo Puno,"-15.8096272,-70.0300562",2024-08-26,11:38:00,13.28,21.1,37.77
24349,Instituto de Educación Superior Tecnológico Público Puno,"-15.882774,-69.999663",Complejo Deportivo Alto Llavini Puno,"-15.81855,-70.025004",2024-07-11,20:25:00,11.6,20.08,34.65
24368,Urbanización Salcedo Puno,"-15.8724851,-69.9928585",Cementerio Yanamayo Puno,"-15.8096272,-70.0300562",2024-08-24,06:08:00,12.34,24.2,30.59
24477,Urbanización Salcedo Puno,"-15.8724851,-69.9928585",Cementerio Yanamayo Puno,"-15.8096272,-70.0300562",2024-07-15,16:50:00,12.33,20.85,35.49
24513,Jayllihuaya Puno,"-15.8787471,-69.9751057",Urbanización Alto Puno,"-15.814292,-70.031918",2024-08-10,02:45:00,13.79,26.75,30.92
24558,Urbanización Alto Puno,"-15.814292,-70.031918",Jayllihuaya Puno,"-15.8787471,-69.9751057",2024-07-04,15:13:00,13.56,24.09,33.76
24590,Complejo Deportivo Alto Llavini Puno,"-15.81855,-70.025004",Jayllihuaya Puno,"-15.8787471,-69.9751057",2024-10-22,21:19:00,12.11,20.27,35.84
24622,Instituto de Educación Superior Tecnológico Público Puno,"-15.882774,-69.999663",Complejo Deportivo Alto Llavini Puno,"-15.81855,-70.025004",2024-11-07,14:11:00,11.71,21.83,32.19
24632,Jayllihuaya Puno,"-15.8787471,-69.9751057",Mercado Bellavista Puno,"-15.8335335,-70.0233376",2024-07-26,05:37:00,11.44,22.0,31.21
24809,Jayllihuaya Puno,"-15.8787471,-69.9751057",Urbanización Alto Puno,"-15.814292,-70.031918",2024-06-17,14:41:00,14.07,25.23,33.46
24822,Universidad Nacional del Altiplano,"-15.8242768,-70.0161264",Jayllihuaya Puno,"-15.8787471,-69.9751057",2024-10-11,10:49:00,11.41,19.88,34.43
24970,Urbanización Alto Puno,"-15.814292,-70.031918",Colegio Don Bosco Puno,"-15.883085,-70.001176",2024-09-11,19:38:00,13.3,22.08,36.15
